run	closeout_commit	dispatches	dispatch_ok	dispatch_failed	dispatch_usage_known	dispatch_input	dispatch_cached	dispatch_output	judge_calls	judge_reported	judge_zero_ambiguous	judge_input	judge_cached	judge_output	verdict_pass	verdict_reject	sessions	session_input	session_cached	session_output	first	last
erdos-cycle-1-judge-paired-attempts	unknown	0	0	0	0	0	0	0	0	0	0	0	0	0	0	0	0	0	0	0	2026-07-31T06:38:06.916Z	2026-07-31T06:41:33.040Z
erdos-cycle-1-step8-glm	unknown	0	0	0	0	0	0	0	0	0	0	0	0	0	0	0	0	0	0	0	2026-07-31T06:43:31.526Z	2026-07-31T06:59:14.642Z
erdos-cycle-1-step8-glm-attempts	unknown	0	0	0	0	0	0	0	0	0	0	0	0	0	0	0	0	0	0	0	2026-07-31T06:47:48.216Z	2026-07-31T06:59:14.639Z
freegroups-1	unknown	0	0	0	0	0	0	0	0	0	0	0	0	0	0	0	0	0	0	0	2026-08-10T12:25:38.027Z	2026-08-10T13:21:54.301Z
frontier-10	unknown	0	0	0	0	0	0	0	0	0	0	0	0	0	0	0	0	0	0	0	unknown	unknown
frontier-11	unknown	0	0	0	0	0	0	0	0	0	0	0	0	0	0	0	0	0	0	0	unknown	unknown
frontier-12-judge-adjudications	unknown	0	0	0	0	0	0	0	0	0	0	0	0	0	0	0	0	0	0	0	unknown	unknown
frontier-13	unknown	0	0	0	0	0	0	0	0	0	0	0	0	0	0	0	0	0	0	0	unknown	unknown
frontier-14	unknown	0	0	0	0	0	0	0	0	0	0	0	0	0	0	0	0	0	0	0	2026-08-15T16:53:29.126Z	2026-08-15T16:54:26.000Z
frontier-14-judge-adjudications	unknown	0	0	0	0	0	0	0	0	0	0	0	0	0	0	0	0	0	0	0	unknown	unknown
frontier-15	6ef8257af08f398aa0b6314fea40d9d950480d2f	0	0	0	0	0	0	0	0	0	0	0	0	0	0	0	0	0	0	0	2026-08-17T08:34:12.041Z	2026-08-17T08:34:12.132Z
frontier-16	17228b72f24ee5a4aa8a88ad74384a9ea9c4b2a1	0	0	0	0	0	0	0	0	0	0	0	0	0	0	0	0	0	0	0	unknown	unknown
frontier-17	d5a87783a5458a13cf654764fce688681b1582eb	0	0	0	0	0	0	0	0	0	0	0	0	0	0	0	0	0	0	0	unknown	unknown
frontier-18	9f4d800b448350523f35f701399947966f92499c	0	0	0	0	0	0	0	0	0	0	0	0	0	0	0	0	0	0	0	2026-08-25T07:49:10.464Z	2026-08-25T09:35:28.295Z
frontier-19	ee5c45ad38a795914cbf26b27cf5a7cd8c44334b	0	0	0	0	0	0	0	0	0	0	0	0	0	0	0	0	0	0	0	2026-08-26T06:39:09.025Z	2026-08-26T06:55:06.199Z
frontier-20	92466e7678bc745ae4979efd91432225e2d95ce1	0	0	0	0	0	0	0	0	0	0	0	0	0	0	0	0	0	0	0	2026-08-27T09:43:59.623Z	2026-08-27T09:44:19.630Z
frontier-21	6854139a09a1ee21c81cdda8ac5fca7b3bccad6e	0	0	0	0	0	0	0	0	0	0	0	0	0	0	0	0	0	0	0	2026-08-27T22:11:12.251Z	2026-08-27T22:37:31.000Z
frontier-22	1dc97f9d7d2f89a4a958d7d1cd55b9697a4921ae	0	0	0	0	0	0	0	0	0	0	0	0	0	0	0	0	0	0	0	2026-08-28T08:12:47.394Z	2026-08-28T11:41:30.452Z
frontier-23	a33c418679122d5ea90f9f61ea1c0d3ca25aaec9	0	0	0	0	0	0	0	0	0	0	0	0	0	0	0	0	0	0	0	2026-08-29T06:39:24.612Z	2026-08-29T06:39:34.054Z
frontier-24	ed37c400665fd35285fe621b911ff4d7a61da970	0	0	0	0	0	0	0	0	0	0	0	0	0	0	0	0	0	0	0	2026-08-29T18:57:27.160Z	2026-08-30T02:12:02.709Z
frontier-25	edbf4c8e2ae2c849ae93ad3f0b123bc570a1f9eb	0	0	0	0	0	0	0	0	0	0	0	0	0	0	0	0	0	0	0	2026-08-30T16:00:56Z	2026-08-30T17:41:01.859Z
frontier-26	48b304f48d46a580a03376993c60bf6b33e0bf30	0	0	0	0	0	0	0	0	0	0	0	0	0	0	0	0	0	0	0	2026-08-31T02:58:31.833Z	2026-08-31T14:30:00+10:00
frontier-27	7b71778fd9c77aa2c01c11676ce8baac58205b16	0	0	0	0	0	0	0	0	0	0	0	0	0	0	0	0	0	0	0	2026-08-31T15:38:39.056Z	2026-08-31T17:17:16.334Z
frontier-28	662ab6add8abfdcc7edf39d9b0e2ed161c507eca	0	0	0	0	0	0	0	0	0	0	0	0	0	0	0	0	0	0	0	2026-09-01T00:00:00.000Z	2026-09-01T12:27:43.706Z
frontier-29	35d176964f742235b697ea1ced9dd4f7ee03d7c7	0	0	0	0	0	0	0	0	0	0	0	0	0	0	0	0	0	0	0	2026-09-04T04:47:50.471Z	2026-09-04T09:45:39.320Z
frontier-30	48279e924b86da004663844ae45ed8fe3b0f14a1	0	0	0	0	0	0	0	0	0	0	0	0	0	0	0	0	0	0	0	2026-09-05T01:38:24.000Z	2026-09-05T12:55:19+10:00
frontier-31a	0d7d67e15e81716cf09de5e76ec3979f43948d49	0	0	0	0	0	0	0	0	0	0	0	0	0	0	0	0	0	0	0	2026-09-05T20:16:57Z	2026-09-06T03:31:00.000Z
frontier-32	08bd4dff6f8fb8955ee4cd0165e6e607ac6b1805	0	0	0	0	0	0	0	0	0	0	0	0	0	0	0	0	0	0	0	2026-09-06T10:28:54.199Z	2026-09-06T12:48:16.287Z
frontier-33	be6ebaa2390dac9605933997e184be280b8a3d52	0	0	0	0	0	0	0	0	0	0	0	0	0	0	0	0	0	0	0	2026-09-07T07:14:46.709Z	2026-09-07T17:34:22+10:00
frontier-5	unknown	0	0	0	0	0	0	0	0	0	0	0	0	0	0	0	0	0	0	0	unknown	unknown
frontier-6	unknown	0	0	0	0	0	0	0	0	0	0	0	0	0	0	0	0	0	0	0	unknown	unknown
frontier-7	unknown	0	0	0	0	0	0	0	0	0	0	0	0	0	0	0	0	0	0	0	unknown	unknown
frontier-8	unknown	0	0	0	0	0	0	0	0	0	0	0	0	0	0	0	0	0	0	0	2026-08-01T18:00:23.920Z	2026-08-02T01:23:51.461Z
frontier-9-judge-adjudications	unknown	0	0	0	0	0	0	0	0	0	0	0	0	0	0	0	0	0	0	0	unknown	unknown
level8-algebra-judge-alpha	unknown	0	0	0	0	0	0	0	0	0	0	0	0	0	0	0	0	0	0	0	2026-07-27T17:22:25.840Z	2026-07-27T17:40:49.023Z
level8-algebra-judge-la	unknown	0	0	0	0	0	0	0	0	0	0	0	0	0	0	0	0	0	0	0	2026-07-27T16:33:41.095Z	2026-07-27T16:54:07.476Z
level8-algebra-judge-la-precontext	unknown	0	0	0	0	0	0	0	0	0	0	0	0	0	0	0	0	0	0	0	2026-07-27T16:10:14.156Z	2026-07-27T16:18:23.663Z
level8-algebra-judge-nt	unknown	0	0	0	0	0	0	0	0	0	0	0	0	0	0	0	0	0	0	0	2026-07-27T16:34:45.009Z	2026-07-27T17:06:07.639Z
level8-algebra-judge-nt-precontext	unknown	0	0	0	0	0	0	0	0	0	0	0	0	0	0	0	0	0	0	0	2026-07-27T16:02:51.412Z	2026-07-27T16:19:15.860Z
level8-algebra-judge-precontext	unknown	0	0	0	0	0	0	0	0	0	0	0	0	0	0	0	0	0	0	0	2026-07-27T16:02:51.412Z	2026-07-27T16:07:00.619Z
level8-algebra-judge-ring	unknown	0	0	0	0	0	0	0	0	0	0	0	0	0	0	0	0	0	0	0	2026-07-27T16:33:19.609Z	2026-07-27T17:00:25.830Z
level8-algebra-judge-ring-precontext	unknown	0	0	0	0	0	0	0	0	0	0	0	0	0	0	0	0	0	0	0	2026-07-27T16:09:20.140Z	2026-07-27T16:19:30.093Z
phase-2-fourier-support-2-5b-verdicts	unknown	0	0	0	0	0	0	0	0	0	0	0	0	0	0	0	0	0	0	0	unknown	unknown
phase-2-hg-prerequisite	unknown	0	0	0	0	0	0	0	0	0	0	0	0	0	0	0	0	0	0	0	unknown	unknown
phase-2-hg-prerequisite-6c-verdicts	unknown	0	0	0	0	0	0	0	0	0	0	0	0	0	0	0	0	0	0	0	unknown	unknown
phase-2-hg-prerequisite-step8-published-repairs	unknown	0	0	0	0	0	0	0	0	0	0	0	0	0	0	0	0	0	0	0	unknown	unknown
phase-2-merged-25	unknown	0	0	0	0	0	0	0	0	0	0	0	0	0	0	0	0	0	0	0	unknown	unknown
phase-2-merged-25-step8-published-repairs	unknown	0	0	0	0	0	0	0	0	0	0	0	0	0	0	0	0	0	0	0	unknown	unknown
phase-2-next-17	686727b07656c84ed0026af5128fd34088a20206	0	0	0	0	0	0	0	0	0	0	0	0	0	0	0	0	0	0	0	2026-09-12T13:54:40Z	2026-09-13T01:59:07+10:00
phase-2-next-18	33df5ab83078caab6deb0943125f61ef5b129754	0	0	0	0	0	0	0	0	0	0	0	0	0	0	0	0	0	0	0	2026-09-14T07:35:08Z	2026-09-14T20:24:00+10:00
phase-2-next-20	643356dc2a69fa4a032112a55c98e7a5d5f88f44	0	0	0	0	0	0	0	0	0	0	0	0	0	0	0	0	0	0	0	2026-09-11T00:00:00+10:00	2026-09-11T20:44:00+10:00
phase-2-next-21	ef8182a10aebcceeb0f792ed4c2c4fc8adeccd4b	0	0	0	0	0	0	0	0	0	0	0	0	0	0	0	0	0	0	0	2026-09-13T15:08:18.418Z	2026-09-14T02:11:07+10:00
phase-2-nine-step-25	c416c29d22e4a793a605664be8c56543e4acefd4	0	0	0	0	0	0	0	0	0	0	0	0	0	0	0	0	0	0	0	2026-09-10T07:16:00.000Z	2026-09-10T20:32:00+10:00
phase-2-remaining-27	b40da0d52de2d0a7d894461222a07f5121fbb140	0	0	0	0	0	0	0	0	0	0	0	0	0	0	0	0	0	0	0	2026-09-19T19:11:25.996Z	2026-09-22T02:30:13.512Z
phase-2-wave-1	3a3ced7838784787a28f041cb662daaef61a4c87	0	0	0	0	0	0	0	0	0	0	0	0	0	0	0	0	0	0	0	2026-09-08T17:02:39.483Z	2026-09-09T02:20:27+10:00
ra-enrich-01-adjudications	unknown	0	0	0	0	0	0	0	0	0	0	0	0	0	0	0	0	0	0	0	unknown	unknown
zfc	unknown	0	0	0	0	0	0	0	0	0	0	0	0	0	0	0	0	0	0	0	2026-08-06	2026-08-06
